id,dcsex,dtalteru,dtbbild,dtcigsmk,dtpyrs,dtstsalt,dtbmi,k4tbmi,dttumf,dthumf,dl_trin,dl_choln,dl_ldln,dl_hdln,prev_dm_16,dthyact,dtmstati,inz_mi_16,mi_alter_16,inz_apo_16,inz_dm_16,dm_alter_16,t_all_16,t_cvd_16,t_ca_16,dkcal,dkohle,deiwei,dfette,dalk,dballa,dges,deuf,dmuf,admd,dkmt,dkmf,dnatr,dkal,DV610,DV681,DV684,DV687,DV620,DV630,DV650,DV670,DV570,DV540,DV810,DV825,DV829,DV431,DV433,DV440,DV451,DV455,DV459,DV461,DV465,DV469,DV470,DV480,DV499,DV491,DV310,DV311,DV315,DV321,DV323,DV325,DV331,DV334,DV337,DV111,DV112,DV113,DV115,DV117,DV119,DV120,DV141,DV145,DV147,DV150,DV160,DV841,DV845,DV850,DV341,DV343,DV344,DV345,DV346,DV351,DV357,DV360,DV370,DV390
1,1,99,0,1,104.07314353740458,110,105.08250684715756,112.14725926241704,97,79,81,116,102,108,0,0,0,0,0,0,0,0,0,0,0,96.03669849111537,100.88886179093747,113.1239243694723,103.61260971641434,82.96898244035096,84.8997834322414,88.51304452277631,99.57381833850263,115.96433917640142,105.35878852630418,103.84352410620201,85.99599969952833,78.89062656926819,96.21501769729389,101,79,131,116,105,85,120,117,101,112,107,100,92,86,97,108,97,94,118,87,112,113,117,103,93,92,102,101,103,79,107,104,92,117,100,85,88,109,84,90,109,98,104,112,90,77,106,105,96,108,96,81,85,97,90,129,102,111,84,106
2,2,82,1,2,120.22569063146366,105,86.97661589360905,98.04602780427406,131,102,78,105,110,91,1,1,1,1,1,1,1,1,1,1,1,111.85910511305559,121.39928760550589,110.96976959486591,103.48824120080569,93.5633338044964,100.02875394286848,107.65483729090877,109.16825112002601,105.39957037189363,104.38056830658249,92.52480081848115,89.72955039282309,101.40674393327438,97.53822879918886,60,100,122,90,76,93,73,76,87,83,74,76,101,106,85,98,103,91,108,77,108,112,99,103,96,98,138,111,92,95,92,106,102,85,120,96,95,97,82,87,110,102,81,91,94,122,129,93,100,81,99,94,104,100,108,85,108,91,85,79
3,1,112,2,3,94.68103673029665,105,97.30949868982827,111.67981113347294,94,106,94,93,73,127,0,0,0,0,0,0,0,0,0,0,0,125.26700583818706,66.10576547744871,84.71231589211351,107.00930962880656,101.8130817564,98.51779874306295,99.75621969783472,89.10814620887041,78.18418146563846,116.80219964158928,94.08828353968313,116.45530627905487,96.14183224340358,128.2510537918102,94,92,114,103,98,61,113,90,97,106,115,120,112,98,79,104,100,81,106,111,100,112,110,63,96,88,97,109,104,99,107,107,125,110,122,87,108,90,91,86,76,79,98,120,106,130,110,106,104,90,90,98,102,91,86,86,96,103,90,98
4,2,103,3,4,88.40671723436533,108,97.40825270836987,102.69494771020526,75,100,114,107,111,87,1,1,1,1,1,1,1,1,1,1,1,103.35650372005638,120.86817713146817,110.57924376265805,92.05870400784906,119.53348605049669,112.08375756108848,111.33341656532939,100.8532155731144,119.95007638543704,80.06591520865246,117.64435370826924,95.46270960543892,89.93958882225556,111.7996968901949,94,103,139,109,89,109,123,85,115,122,124,106,85,85,73,121,95,94,108,99,105,89,84,88,110,99,104,104,83,80,100,96,89,94,87,92,98,92,100,113,126,103,77,58,116,89,101,94,106,116,82,88,83,110,118,86,112,104,94,88
5,1,116,4,1,93.3245517773068,97,95.32225909092593,89.07172085551151,74,104,109,101,115,95,0,0,0,0,0,0,0,0,0,0,0,111.43810933927901,99.00978227911104,113.92929078282167,96.99584697257417,115.51964872853296,92.17369888565788,81.59832164630704,109.82188848665743,80.80410384503686,100.09080061844354,122.88997151505149,117.32709934195788,80.96135315911735,98.29765715569968,102,112,100,122,89,90,106,77,113,108,110,94,85,89,88,139,104,69,86,76,96,108,72,103,109,103,128,120,103,86,114,85,101,98,94,97,64,94,105,104,99,113,109,99,83,100,99,119,107,89,80,75,118,97,110,93,105,87,82,79
6,2,96,5,2,77.38141947188939,97,108.51204843292442,96.31899135222022,118,93,107,87,95,88,1,1,1,1,1,1,1,1,1,1,1,88.78703332053185,119.53330558668553,78.25340373253604,98.12103680129418,88.9260702822467,100.24274672601271,111.94743759197317,74.8101022956567,105.33859433619696,94.38627986563058,102.94447370098408,93.94551713890681,91.681417845669,121.66852706547417,82,80,92,101,93,109,108,63,96,119,102,89,101,95,110,77,96,112,95,100,106,105,83,66,92,96,121,112,93,96,92,86,101,120,94,122,97,109,110,93,108,91,95,97,107,97,84,102,129,118,97,99,121,122,105,88,127,108,103,118
7,1,121,0,3,88.98243490703129,106,89.46945504221809,83.4785001443104,68,121,96,123,96,101,0,0,0,0,0,0,0,0,0,0,0,96.09143839953303,80.93862666136127,54.49609361138159,131.7298844834313,110.38202440864163,110.79710077699102,100.44684926837783,85.12859798519544,110.26318056415323,103.8560821317818,95.68058157631994,111.71248020409949,82.57815030468419,123.2414199332797,110,82,106,89,105,66,98,98,120,107,113,83,64,100,123,117,74,108,104,94,112,108,115,106,88,131,116,106,101,117,98,95,80,111,111,100,85,92,86,113,108,92,89,99,88,78,94,91,111,90,85,93,66,91,84,75,85,72,113,100
8,2,94,1,4,105.92116885445176,121,67.17196696979713,114.98919290563336,101,128,106,120,96,102,1,1,1,1,1,1,1,1,1,1,1,135.99951654502797,82.46576290365175,122.10504421608177,113.57738020217313,88.34935234813943,115.2672617050506,102.18855462848238,105.46212628214755,69.88356034794401,90.84861075980133,110.49453867750216,98.62725867897419,123.11971349244324,113.79340950774638,99,77,95,94,85,83,94,118,95,103,96,93,111,127,120,95,98,75,119,99,110,86,118,104,101,104,111,88,104,104,107,105,131,104,111,85,104,99,73,107,80,118,88,104,79,84,109,94,109,94,107,109,105,70,85,106,86,104,70,105
9,1,96,2,1,129.85538026084203,87,102.76938042289324,89.66382179723541,108,98,109,90,88,102,0,0,0,0,0,0,0,0,0,0,0,85.17840168722176,108.113054636177,74.60927299776682,137.65410145405696,106.80444404094213,102.28610932642815,111.10225660461288,85.10110978523949,101.52746452899954,104.87492453270798,78.16702596997895,70.09551452785253,83.29116369023937,124.88333451271623,99,98,79,117,109,105,118,103,113,122,81,134,120,113,88,118,119,126,96,76,97,77,85,75,94,82,99,118,80,68,108,64,82,118,98,76,78,103,92,82,77,127,105,104,86,94,87,92,96,95,75,70,109,126,115,124,95,112,103,90
10,2,59,3,2,71.54315335155283,60,97.98709237509631,118.72161339665402,120,78,108,87,64,118,1,1,1,1,1,1,1,1,1,1,1,117.0463098718933,99.15237729666596,104.03822566081257,100.99858262852149,105.89504354992535,123.82822602100605,78.56880332986195,99.35471463297932,123.82012157840498,111.1064402561111,114.31732855580702,110.21503195198119,103.82550600114081,88.57782497364298,94,114,78,99,100,88,100,97,95,111,95,88,95,120,106,108,107,106,89,110,110,99,94,118,111,129,94,74,77,56,91,110,95,117,68,90,90,109,94,95,105,131,91,93,95,90,94,104,106,80,112,90,95,128,116,101,95,78,113,104
11,1,109,4,3,122.13065098987151,120,104.11878705360267,85.85064791327324,98,93,91,79,111,110,0,0,0,0,0,0,0,0,0,0,0,78.5008695038704,98.1749399513843,69.17939531801849,106.14403223565962,89.16972692322084,80.43979187750685,109.79637405968997,103.63566590917627,50.960664674712646,87.11498339927854,81.45004964342321,98.43451625521415,110.87668971769278,101.53120056058829,108,121,90,93,87,79,115,95,91,101,85,106,90,78,80,84,111,108,89,100,95,116,77,77,69,125,100,84,99,98,131,104,92,90,98,74,72,107,102,113,128,94,110,104,98,112,114,126,103,126,118,111,81,111,106,120,74,99,103,104
12,2,96,5,4,84.80296628790714,91,116.2046310276709,133.6520994600765,106,86,94,96,83,123,1,1,1,1,1,1,1,1,1,1,1,115.33108204250544,112.5222217716163,94.7005948557812,139.42081216685364,86.4116809864998,118.73727413027216,88.343048129859,79.61824105608952,90.78684280370898,79.40129924978362,96.31483597348617,95.83000354540133,124.0348872929832,81.99668451916232,92,88,97,105,89,83,102,89,101,88,110,95,108,105,120,88,115,109,93,111,86,80,108,62,73,109,93,110,113,89,104,130,105,79,74,93,93,67,120,94,104,84,88,117,98,113,103,78,73,89,83,97,110,94,109,113,97,102,76,61
13,1,96,0,1,85.8683020805791,100,98.59313247902418,114.46295469583028,108,88,96,87,103,83,0,0,0,0,0,0,0,0,0,0,0,92.20150093585445,92.62360894830556,97.82656862421696,100.67500116313416,101.78335399811141,117.11084536537055,117.77428292268362,97.8272794515995,99.79749455513671,92.24100056070812,84.00318120661937,91.23063915426859,91.21849998138643,104.87670786717477,90,63,91,83,101,97,99,102,77,142,92,88,103,92,114,107,88,104,118,97,128,68,102,96,117,100,111,89,105,116,99,86,77,95,126,66,95,98,72,82,108,100,87,67,68,106,101,100,120,122,99,118,113,89,136,99,103,101,80,90
14,2,102,1,2,105.3804047399696,112,101.62522385877833,124.82959776031166,97,109,96,80,92,114,1,1,1,1,1,1,1,1,1,1,1,132.43459322623238,129.88331305708186,114.08839362657571,111.28459137436806,93.92603863712414,83.45717856354855,111.52044357029398,105.50573427948783,92.28407495056696,86.54183974728409,77.4134639852221,110.69015130923465,87.6743641119883,97.5468662027632,95,102,92,96,124,108,97,91,68,99,116,92,132,99,125,100,112,125,112,119,106,117,91,90,94,119,110,117,94,95,103,110,96,74,132,111,98,94,116,108,98,80,89,112,93,103,103,102,74,65,87,102,105,88,105,95,102,106,100,106
15,1,119,2,3,108.79504965207745,95,88.97441284027576,88.85681901318536,79,82,76,97,88,117,0,0,0,0,0,0,0,0,0,0,0,68.61704899489868,97.15009660731822,105.38507283692496,114.12339868968999,100.50142862701895,121.23818644400355,96.45938005529102,116.04822848809161,108.23537282738216,117.88097710437185,93.7970986195859,125.10135117986303,77.37078310052934,126.2577048503847,104,115,116,78,116,78,72,100,104,97,102,102,90,108,92,114,57,82,119,114,90,100,110,112,85,105,115,78,112,64,100,110,92,100,69,96,99,118,116,98,105,96,101,115,83,94,100,84,94,81,115,104,83,137,97,94,98,94,109,86
16,2,112,3,4,114.4738142317296,94,110.3947200122335,73.55560469959241,96,89,86,77,97,107,1,1,1,1,1,1,1,1,1,1,1,98.93968832796538,107.44627781075181,99.25740412559634,118.49507383185997,93.41798726109626,99.12800312360727,100.37825247089685,114.05978043591661,74.543067260678,84.4831774366292,95.31996141503049,107.41394003384443,104.04273070183646,103.25713363126916,73,90,107,112,153,93,134,91,91,85,96,110,89,92,112,86,106,116,107,91,104,118,115,106,114,97,128,118,88,108,90,111,65,98,114,123,113,112,99,83,88,79,85,108,99,90,123,102,88,89,84,103,106,110,110,88,98,108,101,97
17,1,104,4,1,68.84825133554831,78,96.49658936528513,113.32293790833877,124,128,90,102,78,89,0,0,0,0,0,0,0,0,0,0,0,91.92401622874713,113.26497971899659,109.55827377812415,94.46954326487898,78.51894165228596,96.76381346859392,105.82377715159674,105.4207860777428,92.97421092516839,131.3695468511026,136.37385233483553,116.29999286999153,116.21666998978648,77.52127678875071,114,88,91,96,100,80,96,123,111,91,105,95,66,105,98,71,89,109,89,103,90,102,90,82,92,100,79,109,78,100,100,126,111,94,101,110,119,101,116,79,105,113,115,93,108,120,97,64,80,104,74,108,110,111,97,92,86,83,104,99
18,2,87,5,2,107.24899710038576,69,93.86077217866098,110.32614818898095,112,96,82,96,78,112,1,1,1,1,1,1,1,1,1,1,1,102.99206376914599,91.25703440380897,89.21493643215214,98.05262556246801,103.67415964491066,115.07092932998134,107.35723266761667,97.71897938234852,101.18960383729478,98.14395366062458,98.29341761933296,91.26758095159565,91.1419460514718,93.55803858149703,80,94,108,87,105,116,105,89,89,99,119,100,112,94,114,115,94,80,96,79,92,74,90,120,92,113,70,101,106,78,103,107,81,94,103,115,115,107,78,84,109,137,93,76,91,120,93,89,112,86,88,97,104,66,76,125,118,101,91,68
19,1,96,0,3,83.66724268614517,97,83.9202905683275,89.86338813997142,75,85,88,113,106,83,0,0,0,0,0,0,0,0,0,0,0,123.55483163381919,90.48549100166069,106.28829974559766,154.3554982204119,98.67812030529473,98.51695891904188,92.00062679695377,86.1180395062789,92.10310213163842,115.07616346421715,102.04171344464515,106.03833342365125,80.97489121723827,84.71896124722427,99,107,73,106,100,107,84,85,111,97,101,93,74,116,126,77,118,77,121,103,100,88,95,80,108,92,112,109,77,76,95,89,76,119,79,102,105,62,84,110,124,126,99,113,79,104,85,73,103,110,140,117,101,92,110,79,94,99,82,110
20,2,75,1,4,91.6169288591079,107,81.10032258282294,97.4850263717227,103,113,112,74,72,109,1,1,1,1,1,1,1,1,1,1,1,82.16257991898816,106.64775864941177,105.0931143113872,81.03079010068376,92.53434331207144,85.22969264461626,75.92274231323826,99.27613294600866,111.8284905362074,82.85259680753018,105.52056597405739,80.01712429591753,99.16794438298487,92.35757385784932,80,99,108,94,84,103,103,115,73,111,81,94,101,100,89,105,102,88,68,107,86,76,88,106,81,134,104,111,77,104,106,101,89,75,102,105,97,117,109,112,128,86,108,118,121,136,92,99,104,121,81,74,82,104,104,86,85,92,85,127
21,1,72,2,1,93.96391744950964,109,99.39782881000647,100.53045814417187,89,105,82,105,106,127,0,0,0,0,0,0,0,0,0,0,0,82.431078358181,86.34108794892688,89.11017819128264,123.57956559100643,101.3316688171972,90.97936932440273,124.97699554410613,96.52519518011454,116.7043505079449,117.79873877025932,95.65707028576787,114.25421000802513,88.99227695124125,84.97439199590802,113,112,84,110,84,90,92,101,107,117,94,124,106,100,99,90,78,90,126,111,69,86,106,87,90,107,107,100,109,123,97,109,86,89,102,104,113,115,104,104,101,117,107,116,103,105,68,120,77,131,115,112,94,90,90,115,99,109,127,106
22,2,96,3,2,101.40999833977646,120,110.15921912191708,104.93391397582208,108,82,104,102,83,109,1,1,1,1,1,1,1,1,1,1,1,110.74668965109494,112.88601012170852,63.4456263569035,101.11986551990063,80.71232407305331,97.5277408780849,111.55842580837883,107.46118149999853,117.53410853144082,112.07090683658535,114.6597328193253,100.92910640324095,113.34978234843257,113.21106678147595,102,92,101,103,124,77,105,106,119,89,87,101,91,104,107,88,79,77,124,85,110,134,103,101,107,81,94,97,98,88,100,107,100,80,90,138,96,84,94,117,94,89,106,116,90,101,88,109,92,86,105,92,97,86,130,104,98,88,119,101
23,1,107,4,3,90.51098889996226,87,98.1804367348745,87.5207119082995,97,96,113,84,81,110,0,0,0,0,0,0,0,0,0,0,0,95.16905688547233,69.65373131322171,91.05578409782564,80.37111734506634,88.81438593843384,88.26709843597054,114.2994231473577,130.78296485334633,112.81404231722583,76.2889124716632,85.00352141490869,95.35655412460987,107.89228482080534,116.7422010813008,111,117,94,75,95,107,112,127,85,106,94,83,106,102,110,100,99,102,75,88,80,84,103,129,95,84,88,103,126,108,101,128,61,119,97,88,100,55,98,113,114,110,107,99,97,92,84,114,119,99,100,110,97,101,116,109,100,116,89,108
24,2,104,5,4,73.8183356221489,100,97.54503129572923,106.51752115252505,87,124,101,80,106,83,1,1,1,1,1,1,1,1,1,1,1,108.05076732627856,95.5448470172431,102.33438297130375,107.73365044184533,99.80032391678292,90.41393280567438,84.27242488624498,71.02664221523995,102.52655711288631,93.21156745863856,107.45984360455027,78.1224587770559,95.63312606018404,91.05128477754464,121,88,80,109,105,88,92,118,102,123,88,106,118,107,86,103,111,90,91,105,112,85,81,88,98,94,100,75,114,101,85,66,86,117,75,102,97,88,84,90,99,105,110,126,103,111,89,88,123,93,119,127,130,106,123,99,108,97,96,91
25,1,94,0,1,79.80574737615456,113,91.02731563995185,135.27530005249142,96,88,70,111,90,74,0,0,0,0,0,0,0,0,0,0,0,71.55128778319778,94.41298508464348,110.99442827244795,94.5533047380727,107.26227831845242,124.65542397265055,106.01467206456628,121.74594843440629,93.83832778686254,88.32410229580856,116.9023520003685,106.27047733764518,94.22891818956963,92.46886992037031,109,108,118,110,111,109,85,91,93,97,98,105,89,89,118,109,86,96,90,103,98,117,101,72,104,87,115,97,116,68,67,95,104,95,118,75,94,78,107,81,105,97,109,105,80,107,87,102,128,108,93,88,97,88,101,110,87,90,92,101
26,2,85,1,2,107.04371413984968,89,115.84661189299844,88.71691198394707,99,90,103,94,110,69,1,1,1,1,1,1,1,1,1,1,1,99.59370257497197,86.38954957209607,107.93522270285308,112.7305373751387,97.53059361662133,107.05619144083632,106.13451520311816,107.44185874528233,104.3332670814888,91.61303381530952,115.47248985984112,55.67403409029368,85.16818832260707,115.21559135738214,148,87,116,87,108,99,91,116,79,147,102,110,118,105,115,97,92,98,101,78,67,95,124,116,105,81,102,124,103,109,84,110,92,79,105,118,115,81,107,104,102,89,103,95,99,95,124,110,90,86,110,126,80,81,112,103,98,102,113,104
27,1,85,2,3,84.63256616899909,82,76.20987009183845,99.68808884676614,108,109,91,111,102,68,0,0,0,0,0,0,0,0,0,0,0,92.10571250456898,74.49781547768654,77.51365859009447,115.75044305463868,119.49802111914622,73.86419116125015,87.77730385559717,76.86637043667274,101.09023507556955,130.3012444557596,88.86457309561958,91.04202931794376,89.30748161200803,112.19012229036149,102,80,110,104,113,107,65,123,110,81,69,97,82,109,115,96,126,111,115,104,93,88,128,102,95,127,97,100,113,140,99,95,140,109,102,95,106,100,90,96,91,96,122,114,117,91,81,89,86,98,99,107,110,88,102,83,121,108,102,90
28,2,113,3,4,102.1540472734312,97,60.010001361607614,68.00685515427202,86,68,74,106,94,113,1,1,1,1,1,1,1,1,1,1,1,97.44306312910902,88.98683861795661,93.6785209746219,98.32121521829761,96.10727928069485,124.46518455104382,123.96270244270666,99.38324159708009,92.63378064732082,120.94546386347785,97.73447879867561,106.98989123218641,103.56501143913015,112.49068874717295,95,120,68,81,82,147,111,92,116,76,86,102,65,82,106,125,102,89,112,96,103,97,115,102,103,108,111,118,103,76,120,80,114,94,69,91,90,102,83,94,88,112,101,74,76,101,116,87,84,86,77,117,71,120,105,98,114,85,98,127
29,1,105,4,1,131.036589638771,113,101.83281423048287,88.59581707574742,90,88,101,116,85,114,0,0,0,0,0,0,0,0,0,0,0,110.1326858943917,103.48059041644026,85.61930183467487,90.53025796902216,90.69033449740901,117.24360026778992,110.08381699850426,83.6777286271611,84.41047257780039,89.48999876867269,74.54663045437076,94.838743424483,90.37580733459777,102.89348546080834,105,119,88,131,109,112,109,94,96,115,95,98,90,76,85,111,111,113,120,110,105,86,103,103,105,103,105,65,94,101,78,81,115,118,97,73,121,131,101,80,96,108,98,82,110,70,106,81,90,101,80,109,99,87,108,109,99,122,99,123
30,2,101,5,2,81.10232571200848,99,105.7123488566113,66.81339162964366,122,123,86,99,143,112,1,1,1,1,1,1,1,1,1,1,1,82.03090533462105,103.4689195293357,113.3985664550894,97.8984402838846,119.44657938599015,92.96452867786692,104.45382755572271,103.74490000489386,114.23518791168608,104.49956739139667,82.78124528472411,115.3483695935634,84.94715444227445,72.1077816834956,91,107,104,78,96,94,77,108,113,109,120,123,83,112,124,122,128,109,106,80,94,120,93,105,96,85,116,80,101,80,93,86,91,81,79,94,89,98,106,103,116,115,85,85,111,80,91,132,79,102,98,86,99,86,121,89,97,119,91,99
31,1,83,0,3,100.48285378781483,91,98.11951900145026,77.05501694933842,106,138,96,91,87,104,0,0,0,0,0,0,0,0,0,0,0,116.65990578348223,64.40225761323713,126.1336222485931,82.11675776719882,94.68595925415953,78.47070188178401,118.6898222901751,73.40683517479427,64.25182417670194,115.36457635567542,144.2227590350377,96.56972866231641,115.219330184179,87.96326703440683,74,99,117,91,102,72,84,111,136,97,107,104,83,101,109,114,72,90,90,114,110,86,109,116,83,122,98,118,123,102,107,116,91,101,113,100,90,105,105,94,109,129,104,134,124,112,108,104,87,77,77,92,73,93,86,91,101,95,115,117
32,2,90,1,4,110.07413039413716,80,106.8856334538517,107.95873321618205,100,83,78,96,125,108,1,1,1,1,1,1,1,1,1,1,1,98.60090641612395,97.36133172338765,115.69531310085226,81.98675643495561,81.0884180021462,78.16498886350537,120.36705491847086,101.07115596806085,106.51705294246437,130.47674376540257,101.48584160638006,113.02180480729992,100.88938359588612,104.6101632938918,128,99,99,102,99,110,87,91,104,103,121,108,93,103,101,135,107,100,98,101,85,95,85,104,97,107,107,122,117,98,101,130,118,97,88,100,106,81,119,103,101,95,94,99,109,95,128,108,83,91,91,116,89,94,105,79,96,101,58,69
33,1,110,2,1,111.52730532105842,99,98.99435529904666,90.80229540321803,91,101,90,150,83,88,0,0,0,0,0,0,0,0,0,0,0,96.94950845382603,76.75936932657987,126.97743992936235,120.35295323665551,111.98928277794604,95.29427286404999,88.36033730338148,124.14793920252373,82.39243316860896,125.18684955578283,110.56730424925459,129.87955344577867,108.2645824610913,109.59203092230166,85,111,94,70,79,120,96,84,117,84,103,90,122,71,93,86,116,98,94,100,110,104,89,104,127,68,122,100,95,72,93,129,114,120,121,81,85,103,87,83,101,93,88,69,100,76,80,102,98,79,115,81,78,98,110,78,91,97,85,108
34,2,88,3,2,108.0188342090824,111,92.98169666742731,88.69814201413203,119,75,85,94,94,130,1,1,1,1,1,1,1,1,1,1,1,97.99839263553358,100.18079890342328,104.85336612933554,85.56635188994431,125.57681720909349,91.04969267841915,110.49866084158734,93.81738219384715,93.14725717014389,103.6264081660267,96.24677657081361,90.43532313362674,134.96161500147971,97.88460232431079,88,99,112,91,111,111,103,101,101,98,102,97,91,131,98,111,75,97,86,90,145,78,96,98,84,106,94,93,108,122,106,110,89,84,112,81,127,131,117,92,115,73,90,117,121,96,129,95,99,104,102,112,99,127,112,93,106,88,132,105
35,1,105,4,3,99.91888856548107,101,81.91063806613852,110.11015685667678,97,71,91,124,128,88,0,0,0,0,0,0,0,0,0,0,0,72.65620674395936,99.35752325973141,97.94553524718496,103.49275452620995,130.6069412516327,109.94956840333386,111.00780261222118,95.97037725258161,111.26465629090953,96.15627570260585,112.24389151871915,108.92690786732791,96.89947384344964,76.68203890268815,73,124,95,108,103,106,84,102,68,121,102,70,118,119,99,126,109,90,98,89,99,114,87,107,123,119,80,112,110,71,74,101,126,90,92,76,87,118,85,95,96,103,85,91,94,93,117,92,89,66,113,87,80,105,77,97,98,83,93,119
36,2,81,5,4,78.08707898199518,111,83.29875329061679,102.19838831813503,89,73,112,87,107,127,1,1,1,1,1,1,1,1,1,1,1,120.31637791561587,72.48651919545905,100.25384265979781,130.3870047574951,95.00462780738737,120.62137836416164,117.11395852847183,107.7829988192802,112.19697162914736,123.40975081862959,111.92620065290004,119.33920073357245,99.3279945175537,95.96712826236293,99,84,96,113,93,82,92,117,65,109,112,108,112,85,121,122,106,90,109,97,106,84,130,49,87,102,89,100,85,97,114,121,116,75,76,108,126,106,68,89,93,89,94,101,104,98,111,108,80,113,87,99,114,98,119,68,91,76,134,71
37,1,93,0,1,75.67408226857135,84,102.22608325531857,108.17267830640075,99,122,98,88,104,87,0,0,0,0,0,0,0,0,0,0,0,80.49113836306203,90.12055963169388,125.30950806338123,106.73189512475385,93.507688489087,99.95396301361333,79.44357057696942,101.43832201742941,97.54808843058063,69.20125757322704,60.76169050047375,116.18421495322174,79.38682691582576,93.65743637397787,90,79,100,105,96,86,96,88,100,127,73,109,108,123,125,86,102,122,117,115,102,104,116,103,100,85,113,107,113,99,114,92,111,109,76,97,116,99,108,90,104,67,92,96,84,88,85,103,88,101,111,106,113,117,96,111,87,142,114,75
38,2,98,1,2,73.52320502291107,101,96.1882628292743,90.15835185128584,105,98,86,101,98,113,1,1,1,1,1,1,1,1,1,1,1,103.86974090212502,106.97613307035915,98.54380575122786,88.58909421888916,102.96160616745784,108.36763729752896,93.50810530392866,108.69093864771231,72.86738915986334,92.40842190564686,106.45362455731676,81.76790045650176,117.131857419477,102.39437458412378,83,113,82,89,95,122,105,100,103,112,122,112,90,100,105,80,82,85,107,94,87,120,91,123,100,96,119,91,95,90,86,78,85,85,105,104,104,104,115,127,114,136,107,95,92,102,100,109,132,123,82,61,116,107,92,104,106,110,116,114
39,1,112,2,3,75.54824892484076,102,89.11553572419368,80.98594272132019,121,99,101,77,107,74,0,0,0,0,0,0,0,0,0,0,0,119.55976030416564,85.02777079001079,96.89331367872674,96.22547938323949,92.322943541064,108.32352702861519,90.19321728783983,88.2281203160907,95.98708007137107,80.08949355492682,96.27871495946219,79.89151010967794,83.06822432357885,108.63887920839808,100,100,91,118,86,95,100,91,121,87,104,79,124,110,87,81,82,85,117,104,108,74,103,76,88,91,116,65,118,100,112,101,87,97,88,109,93,108,101,102,104,118,64,94,118,86,93,107,100,114,106,126,112,77,115,79,63,80,99,122
40,2,96,3,4,105.26080347446037,106,103.3137885821089,85.95371914030427,82,100,90,112,100,84,1,1,1,1,1,1,1,1,1,1,1,85.46257075976466,111.40063274909662,94.01861183420695,86.34583682240282,78.32450207761873,79.81613855023494,115.06650934861857,78.48575930136803,97.81945962268586,93.5509832857294,115.38781942357383,107.88225672076348,102.12570912497979,85.75415152304376,107,88,105,86,91,94,109,113,87,122,124,117,77,89,99,78,111,111,95,100,83,91,114,79,88,93,101,97,80,90,102,78,79,90,80,102,97,112,89,110,107,106,83,81,116,103,140,126,107,108,81,109,82,121,115,80,104,105,99,107
41,1,102,4,1,110.04400421156069,110,101.12161824105509,131.6851664655224,98,99,107,104,98,86,0,0,0,0,0,0,0,0,0,0,0,102.02643361889251,97.10484278681164,119.95569011397563,117.5151057259199,98.57465427197809,99.5354651074266,92.08800712156928,90.85138668502758,105.46642122824755,106.0977976921041,107.86271347859359,105.95218123390765,90.56026246179432,107.65379787909194,96,92,105,76,118,80,83,112,87,92,88,96,72,77,104,99,84,100,105,115,88,92,90,98,82,109,80,118,99,101,88,103,94,104,70,109,107,87,85,96,97,76,135,111,82,91,82,88,88,125,103,105,79,106,130,121,102,83,48,126
42,2,79,5,2,109.73160940391762,92,74.0030260144535,116.3922503859064,105,92,114,90,111,105,1,1,1,1,1,1,1,1,1,1,1,72.7326182989537,88.17443832872607,93.27850407869056,74.08673721707513,94.90045600901823,110.45450568372851,106.4385814039718,90.40450207880488,74.1189885956868,100.83206269708482,74.17780452996277,103.06026500136407,117.64230658327334,116.07911057946961,118,109,98,87,71,98,95,126,112,94,73,84,91,104,111,95,107,81,84,76,104,85,78,82,79,102,105,110,105,91,109,98,105,109,107,116,73,102,77,108,75,107,84,104,98,102,69,141,82,114,116,109,99,111,99,79,92,84,81,109
43,1,114,0,3,109.03737410370657,112,98.01347054149076,106.28152804589777,112,58,129,90,84,80,0,0,0,0,0,0,0,0,0,0,0,107.46653987197905,121.82546584074291,96.68963918253237,123.40903562724696,130.8630063786468,95.99569417508954,91.49209448920797,83.05520708745121,94.10253161863461,87.07172205416462,104.18371243697565,73.93926854856419,102.60303871602072,104.97491726578943,105,105,90,104,76,77,93,95,98,107,91,118,108,88,94,120,113,83,102,97,104,83,93,96,76,108,116,86,92,111,107,99,116,80,112,94,109,74,93,112,79,110,86,106,100,117,76,88,117,103,76,97,106,87,93,84,73,124,85,81
44,2,70,1,4,87.97195419155904,117,109.26129317722493,79.72772124000821,106,104,92,95,101,91,1,1,1,1,1,1,1,1,1,1,1,115.564001219906,105.27869416043015,85.5153861198029,101.88775140290588,101.11662958212284,83.65916848727801,85.56824995261277,100.07735585068296,98.2063780930142,83.07684656391694,97.93685570573813,108.3733174860239,89.45497837345823,76.7990471584045,121,103,101,101,98,68,79,132,128,91,124,87,116,85,98,101,91,83,114,101,127,107,81,99,129,92,88,104,102,82,99,92,85,111,91,114,82,106,104,107,92,107,120,103,94,104,89,94,114,114,97,99,88,82,110,106,100,123,96,76
45,1,88,2,1,93.65285308047716,103,105.01119084899909,90.06330247918665,95,109,108,110,104,102,0,0,0,0,0,0,0,0,0,0,0,103.50244970816843,83.34248286188131,108.0994288480196,108.7672693458621,127.55892533921997,83.92505197621874,113.65440902230706,120.35289899473307,95.96904631780565,127.05453010044917,79.23024681369753,105.08439485601303,111.06536017222629,78.23337253610444,97,83,74,124,78,89,96,95,124,96,111,81,100,109,90,99,95,99,100,92,116,100,102,123,88,111,94,92,91,105,109,110,76,85,84,71,98,84,76,99,102,88,86,87,70,75,87,98,100,65,88,96,139,120,106,75,116,91,131,97
46,2,121,3,2,92.57614985953546,98,92.50680033043967,81.22200838459612,116,102,106,97,92,99,1,1,1,1,1,1,1,1,1,1,1,113.47743257570613,102.57730151783672,90.41917073962146,107.32961644368403,110.91496909554384,69.45444049854011,115.5738110795457,80.9089245768992,83.59140393320054,96.230007473236725,76.2701617092994,115.89980534003219,103.26106833074157,94.84721868471861,80,110,110,121,115,95,94,110,100,138,85,117,98,100,107,106,107,105,92,101,111,121,80,92,93,100,105,104,117,88,99,118,89,70,97,128,93,85,86,98,95,122,111,109,111,116,112,99,106,100,90,88,119,81,97,100,115,108,102,123
47,1,93,4,3,70.15945317663608,109,103.71023079862948,93.88265327999196,114,107,90,67,89,107,0,0,0,0,0,0,0,0,0,0,0,76.03143850495428,85.91939257473994,108.97895239588112,112.4343315971177,89.37305003072777,123.79405806245242,91.11249516694582,91.09362128349805,108.44772762834195,103.24869026123856,104.68308302065606,109.362715351178,119.94961050015377,99.5134998020415,102,97,102,112,109,108,80,96,102,94,112,96,103,116,110,97,87,90,92,107,101,94,67,120,102,91,93,101,101,83,120,115,83,99,75,103,81,96,109,88,103,108,124,103,83,108,86,90,92,60,107,82,104,104,114,122,101,104,93,112
48,2,120,5,4,92.12608331103812,84,109.90640085540883,103.48027952940326,101,115,118,94,123,85,1,1,1,1,1,1,1,1,1,1,1,107.35858424231849,110.43526856694795,69.88568552475655,120.36009587575758,118.26348431042219,96.94504349819407,97.21580706420886,103.62260025391913,124.21253045317144,105.04210922680357,130.304463572394,108.11756285443815,114.58570853022877,96.67894912177013,97,71,118,89,106,115,87,89,111,93,89,110,98,85,99,126,111,117,73,122,113,90,90,112,140,109,134,151,92,101,123,115,86,77,80,82,73,113,84,105,75,117,89,91,108,94,116,74,87,117,102,87,79,104,131,98,108,96,91,91
49,1,68,0,1,105.6050485554881,109,90.38034124191068,110.92242266492889,113,92,88,99,102,104,0,0,0,0,0,0,0,0,0,0,0,95.38818118997779,91.7689129870065,85.0513826741887,56.69652003563487,106.9219024344486,96.99128285922744,117.76497008108525,95.37239657183748,103.95793208349534,100.83372212738328,105.18914000806467,74.32400739960302,123.63876371840828,88.84102810970074,98,92,93,119,96,89,83,97,107,96,90,142,82,86,108,112,93,121,94,109,117,96,106,74,88,78,136,127,105,74,117,102,89,102,134,96,89,101,103,137,97,96,86,95,82,120,101,113,66,111,98,139,84,101,87,92,72,107,85,103
50,2,95,1,2,129.62791107562427,87,105.16106740522879,88.48106735780523,107,94,110,112,81,112,1,1,1,1,1,1,1,1,1,1,1,84.09903164714079,125.01927000230143,112.02038186918436,118.38063261807363,108.1054342413497,105.82824813884264,101.74433113273815,114.99588576175331,105.89511992369299,110.1257273090586,105.45602146048235,66.93727326740091,83.84033469333392,98.25806492351965,101,87,111,110,103,77,96,99,89,121,87,92,106,102,96,108,94,90,71,100,107,102,96,119,108,94,99,93,97,79,108,87,92,113,125,117,120,120,74,101,87,102,100,79,92,103,115,126,125,81,73,84,105,111,105,109,88,114,129,101
51,1,119,2,3,91.59636500602733,99,93.76622066773103,80.39714764897317,95,74,95,95,93,73,0,0,0,0,0,0,0,0,0,0,0,77.79428605401147,97.73621191178057,89.57382958724862,110.13254701173759,110.06657262988651,78.97071045638614,90.54372114109097,120.18600913999708,101.81577685865106,94.7872095988683,87.30990431968385,81.94065558707759,83.5963082582941,95.67661403933221,88,92,116,91,103,78,84,86,105,115,72,126,116,108,93,91,86,106,103,73,99,95,83,77,112,107,92,106,109,75,92,92,115,104,92,106,111,107,86,68,93,99,102,121,119,114,103,92,91,102,84,95,82,96,88,130,103,93,105,71
52,2,81,3,4,103.18128396031938,96,93.55925325674318,86.90653976952731,116,106,94,103,71,79,1,1,1,1,1,1,1,1,1,1,1,99.62830082144826,87.65313627853521,94.62450459349276,87.4755082408177,67.62107229836377,69.68204077580127,105.7793256415892,100.13719799104581,88.27305173696982,75.80090439166472,141.67144948804145,100.62235042765869,86.63933994015662,76.19031022272596,120,118,75,112,112,102,89,114,74,107,64,117,130,90,109,88,109,98,104,93,98,100,109,104,96,72,107,109,106,104,122,92,115,92,101,116,106,115,103,92,101,100,109,116,82,86,95,94,87,98,88,121,94,81,96,81,72,109,103,115
53,1,99,4,1,118.30805391217297,109,113.14103559143165,93.1313888555261,119,92,110,99,121,114,0,0,0,0,0,0,0,0,0,0,0,99.7949960654302,86.51265949341426,97.6961586596626,89.4649589695239,115.49815504543147,84.63447572468289,110.6666172039238,109.1444501939624,85.95525804179016,111.12197166189671,127.59821108108211,82.3736167633748,108.50483437931221,94.07690274595923,95,100,106,95,127,122,73,99,98,92,111,113,97,88,92,79,93,125,79,113,114,96,104,110,95,81,122,114,78,110,86,103,105,107,111,105,117,102,87,92,110,80,98,106,93,105,100,115,75,130,73,94,102,78,94,111,96,101,88,102
54,2,101,5,2,66.25989579738378,110,103.09433705819906,85.55517040221415,117,72,90,77,117,94,1,1,1,1,1,1,1,1,1,1,1,99.20959565107485,98.74928144176893,84.24280190885237,120.48754923976348,92.33211623243608,115.96607698034151,109.17577022593538,119.12856953480396,133.41803261294626,111.71965971214922,108.521923872601,83.3804785713883,83.0793635972563,111.10076399402101,121,118,113,119,119,82,114,89,102,109,125,80,113,99,105,119,91,111,106,96,126,110,122,117,94,102,108,103,99,87,90,93,83,120,104,91,56,127,98,97,110,84,104,104,109,102,86,109,95,99,127,100,93,109,105,86,122,103,108,95
55,1,118,0,3,76.7844409833764,97,129.9795202793465,101.73331009241731,107,113,82,91,90,127,0,0,0,0,0,0,0,0,0,0,0,90.44617041978749,106.19669698023718,103.87141428448702,115.15778306329013,76.60572251807736,126.9473745646276,91.66810056287676,84.96401406375372,77.40491936859456,97.25831239451877,98.46457257688138,115.65339423369741,95.58370371519436,89.62876524882743,97,93,103,84,78,100,114,85,113,91,107,98,76,105,78,95,91,108,106,91,118,111,125,95,104,104,108,81,101,88,105,67,114,108,107,101,114,98,73,106,102,94,107,102,106,88,82,79,100,119,108,84,119,129,87,123,82,100,106,105
56,2,96,1,4,123.44878063017879,104,90.54876074657815,112.0321457143329,109,105,95,90,104,130,1,1,1,1,1,1,1,1,1,1,1,90.82604762694781,112.88422260483338,74.42666559293018,98.42009717666197,102.1736998186164,94.77213079850135,77.57809754908449,100.4273971854388,115.40444581204004,95.25088292234994,85.39616963453415,127.75007681487679,91.87763944315401,95.65111781359077,84,80,112,109,84,81,94,81,111,97,103,114,56,106,106,124,112,117,79,94,86,138,99,93,104,129,104,101,121,113,85,98,119,111,87,97,115,98,120,129,91,108,118,98,65,83,94,94,85,107,99,106,111,95,103,79,83,77,90,78
57,1,78,2,1,78.54734330383482,98,109.88298245083514,83.4600211375935,88,92,119,93,99,93,0,0,0,0,0,0,0,0,0,0,0,111.1695034615627,115.63793855227355,114.79062588100257,124.5057316051581,67.00744448450763,103.79540014297315,93.0293913270519,75.82342861873073,106.38545863080053,111.95518994095494,120.97708016913155,100.27430187008478,93.62949621338076,107.08447872293743,104,86,113,102,114,103,86,83,125,83,115,97,108,108,89,98,114,72,91,107,100,105,116,127,122,100,102,81,75,103,87,86,110,109,76,92,95,78,119,98,125,119,99,97,82,77,90,63,91,128,113,114,87,124,83,97,93,92,86,114
58,2,82,3,2,130.36106081601906,108,91.06250489364916,113.4330677521019,110,79,86,87,83,114,1,1,1,1,1,1,1,1,1,1,1,78.1045683154434,99.83627266138271,97.72570353511773,92.9855448359963,99.6298779717972,91.03980439472416,107.21651401642272,88.80791867556832,104.39566878640728,94.18990202161923,100.70537963241377,94.93017621085612,121.21082408871044,80.54877222363123,91,113,118,80,83,90,144,96,118,116,86,126,101,76,88,86,93,107,96,85,107,94,107,88,83,88,92,121,109,86,88,95,86,101,91,111,95,103,89,98,73,102,102,92,86,108,95,103,86,114,84,105,99,76,112,123,124,103,95,112
59,1,89,4,3,99.25169526975077,106,85.88615617308261,120.54108707408244,87,103,73,100,81,108,0,0,0,0,0,0,0,0,0,0,0,110.75579449827802,112.91290830432065,106.52257272520936,126.37163634905845,78.22614993609587,91.64514370433423,88.8085338773917,116.94048080644241,66.36717555820027,112.33707676116072,100.82506223080888,86.50798142015499,85.38695405508591,134.99521560136077,95,107,88,100,102,100,98,109,109,103,80,96,96,82,91,93,95,65,100,91,72,126,81,98,97,88,113,101,114,86,99,124,103,105,76,85,75,104,99,74,115,95,109,105,89,96,95,74,78,81,117,106,117,114,97,103,131,74,92,124
60,2,91,5,4,91.9602653550497,111,98.98506788746325,104.66395655512551,91,87,104,125,93,107,1,1,1,1,1,1,1,1,1,1,1,100.3103654403739,97.9283793351005,89.62082326144217,93.9199528069952,83.19066934393979,95.36842448724464,100.01868193562316,93.39551856931945,105.39072974547344,108.42944015326546,96.60092863567222,106.63377558994782,85.29798825833444,97.2109332081291,101,93,114,111,104,98,125,100,72,110,109,90,95,114,109,78,94,95,93,110,110,98,110,104,107,92,113,118,117,88,111,82,123,111,99,80,99,95,104,80,119,75,79,114,74,124,104,111,85,103,87,105,81,89,98,135,62,87,122,101
61,1,86,0,1,113.08073330183777,98,83.36186883578878,103.73615490231114,111,103,68,97,93,97,0,0,0,0,0,0,0,0,0,0,0,114.88394060635898,103.72453836569386,96.64707413417248,82.34561042555457,85.18536156150785,108.26230186219905,104.16725433565345,127.27784016240459,102.8431699785385,93.02237182460371,83.17177748839113,107.68313708544187,111.14958057963133,85.77305001550525,94,81,100,76,91,103,95,98,104,106,91,92,125,136,78,84,84,129,123,81,119,112,100,134,119,108,112,94,95,90,86,102,112,94,70,107,92,108,108,71,102,99,131,103,84,93,74,100,97,116,70,90,84,94,85,98,81,84,86,94
62,2,102,1,2,85.30009070020347,77,112.79472208054099,90.37577020367596,75,108,100,78,88,96,1,1,1,1,1,1,1,1,1,1,1,117.08432335708768,101.60620822503081,88.71175822735353,102.97994750697065,87.49118313376506,145.395967219682,111.5886304731915,91.31220033818641,86.16349788852742,98.91807597119674,131.70014561047623,112.56038029354687,104.29626461846243,89.94353264459573,116,103,117,100,102,93,110,89,88,105,108,103,102,116,104,113,94,101,130,99,114,78,80,111,68,110,100,87,100,126,78,103,85,123,80,115,111,63,93,68,91,112,111,116,119,103,103,99,128,100,97,115,88,95,107,110,86,141,92,98
63,1,113,2,3,98.03862696897389,82,109.44400524559522,107.88821593706629,89,91,91,121,85,106,0,0,0,0,0,0,0,0,0,0,0,95.6992010641656,84.60418601984014,118.74285597141746,117.68379022026286,81.78444535020694,107.48737157864197,99.67213575911644,105.59872399135367,116.47374198635883,92.06054574069815,121.09796239564922,98.76468625913036,93.25412830956101,109.89841259584014,122,94,97,98,103,75,90,113,111,74,86,110,120,83,91,107,121,64,120,105,95,94,118,94,112,91,67,119,98,92,87,106,106,90,78,117,109,110,103,112,95,103,80,105,105,105,81,102,81,87,107,99,81,105,101,96,89,115,103,110
64,2,123,3,4,78.31589491636099,108,112.75554643082985,102.28261506489639,103,90,126,95,121,67,1,1,1,1,1,1,1,1,1,1,1,103.58711320882496,100.99614003448,79.83088200913528,89.99979909639111,95.73501003941675,86.75773855048266,78.11974954257084,76.77782489368082,82.6713030856042,94.29582727264443,114.03687265606442,110.92945595729894,103.30140427354019,81.95651545148493,91,99,127,108,120,108,107,108,100,99,96,88,89,82,86,90,103,120,109,111,116,95,109,96,112,106,90,122,97,111,76,90,115,100,83,89,78,74,101,101,107,85,122,89,117,76,115,104,99,97,68,97,92,96,81,95,100,96,104,111
65,1,114,4,1,88.34125725466583,96,86.92213914289798,119.26596210181334,112,117,115,108,99,104,0,0,0,0,0,0,0,0,0,0,0,105.72533429631693,78.91280630010826,97.09833279222433,104.54476201314763,100.45137778940035,88.94136909961904,117.48459716433253,110.55298357928369,104.3482087322173,95.01464727745166,91.81003415073286,113.87562288963008,106.98563778601014,92.88057315089168,134,85,100,121,109,59,83,102,106,75,58,96,97,94,105,90,87,122,97,96,128,100,123,92,105,82,92,106,93,106,107,97,109,108,106,69,108,89,95,118,128,107,116,84,101,118,78,106,94,91,107,85,82,112,109,110,98,88,106,121
66,2,98,5,2,84.65141229038355,96,88.82689877935121,93.5601227506755,82,87,112,119,108,113,1,1,1,1,1,1,1,1,1,1,1,98.05545748039448,79.97875632167585,60.50812438045495,99.62184156924336,86.98746066090733,102.457252638349,129.6322708143036,89.32670171903685,114.47668459398946,63.119702954729775,114.40191630439107,117.58655428586187,84.82203018125244,100.30870778592823,132,123,111,95,108,94,111,102,87,104,90,94,91,84,86,94,100,94,98,92,130,102,79,79,89,101,92,93,89,98,97,99,110,95,63,93,109,98,111,95,77,105,121,98,107,104,103,99,108,97,99,105,97,65,102,110,106,80,84,83
67,1,83,0,3,92.61423380734597,99,115.4919279283501,97.17104197295842,95,109,91,109,102,106,0,0,0,0,0,0,0,0,0,0,0,116.21154101701795,99.27339536719242,95.58841704916685,100.21204449283356,122.10192763193287,106.38609887670276,119.59967304532157,107.32957682062468,98.21080622099875,96.75435734431383,84.98489094010039,101.79000521456305,91.11397927694048,100.70198503611901,115,84,96,92,78,96,97,115,95,88,112,93,69,84,92,99,90,76,77,127,91,135,89,73,99,130,83,96,87,145,120,97,90,112,101,104,128,101,102,99,102,110,89,101,79,68,98,85,83,87,82,83,83,84,93,125,88,93,102,99
68,2,98,1,4,93.23386988023911,94,80.22853904470503,92.44340121932417,103,121,99,85,79,88,1,1,1,1,1,1,1,1,1,1,1,111.2911329942937,124.53536377838769,92.54456597542719,91.23048706731109,82.02251608292504,121.70416627087415,86.83329368990529,119.16829136207446,107.21994017405085,125.00924370603255,102.19788364632318,105.60596393618577,106.58705911269372,106.75757672875929,109,103,91,82,128,116,103,93,118,107,114,73,110,79,82,81,94,89,96,113,92,70,95,113,116,112,88,89,103,101,115,116,106,106,99,124,94,99,109,115,79,90,121,111,109,106,102,101,117,85,82,81,102,74,97,99,74,103,104,101
69,1,101,2,1,116.65063872587147,122,80.31761828757256,97.8627265597817,94,120,115,96,103,104,0,0,0,0,0,0,0,0,0,0,0,132.5032447689824,82.37641916072906,106.72742015228052,99.41885413947519,90.3107507375052,94.43812021410986,119.12262106723821,99.034292828297,128.20142254911292,109.05718223511633,71.17574903589552,105.44128310912386,98.90616382521473,82.50945676781305,132,94,97,92,88,99,126,97,74,92,98,95,95,119,108,102,90,107,100,109,70,95,116,118,70,106,78,94,111,83,107,102,83,112,106,117,99,144,92,114,97,91,113,107,110,107,121,113,139,105,101,97,119,93,102,106,82,91,107,91
70,2,105,3,2,101.28841556327454,106,95.91663787508445,101.10545748647858,98,107,76,124,102,81,1,1,1,1,1,1,1,1,1,1,1,82.52626754992356,117.4884095547545,114.90398515250646,89.69178589400956,99.74908689533092,73.13680244597862,79.86184799326185,107.13492724657362,81.93233247016948,112.82714531745147,85.95521884411484,116.16917133192464,85.41119393935334,122.33158897610711,93,93,85,108,64,96,78,131,122,103,103,86,54,100,82,105,71,97,79,107,81,92,112,105,123,119,110,82,116,64,99,96,108,115,99,112,112,108,93,96,84,78,120,99,98,93,103,65,115,99,99,111,98,57,94,108,96,98,104,102
71,1,86,4,3,113.14813499086128,102,79.43597821351585,107.69328797711027,85,104,85,79,129,84,0,0,0,0,0,0,0,0,0,0,0,98.41739293990302,100.17161672167956,97.74294387627788,147.99600071223597,105.74693681355788,109.05326200701988,101.14503295663499,101.10096055453236,128.60038857984668,113.23515135615101,126.61864933608862,105.91171336855041,101.94440566618526,109.36339388653244,108,76,107,101,119,55,107,116,136,107,107,83,116,126,94,114,120,102,101,116,111,119,119,96,97,108,126,114,140,83,99,103,122,107,99,51,110,92,84,107,98,115,123,104,107,118,56,112,94,106,82,106,107,131,128,85,107,105,107,115
72,2,119,5,4,115.93906308017615,88,110.34700537583684,109.74042792168434,102,85,107,75,122,103,1,1,1,1,1,1,1,1,1,1,1,113.46877337020047,102.09947753257619,102.39199440408947,108.09637684841155,96.91290617594063,90.49299119008093,98.88065683674512,90.15470986046279,96.85476093803771,125.55406613455854,73.8474159889246,109.10369462998922,108.9494778143938,110.65623116115499,89,101,111,91,95,111,107,137,103,87,101,117,122,93,85,98,103,97,142,106,94,110,88,109,81,119,93,81,99,89,100,78,97,103,110,83,97,112,106,79,106,101,94,100,112,87,89,80,84,95,127,108,102,96,78,116,109,112,96,89
73,1,96,0,1,107.91859732626956,91,85.71033252946415,98.77748601587678,68,108,77,102,113,111,0,0,0,0,0,0,0,0,0,0,0,119.61220641326423,83.03770354045419,78.82558598333023,83.68599902151138,73.09567627039506,95.05236697915021,106.05112192178312,99.8630900453968,92.26809284079441,98.84275235949261,104.9992084100266,91.88357810907115,103.14341221697795,86.5226210141134,103,129,84,100,108,110,96,106,96,120,86,92,103,116,134,92,106,86,107,128,94,80,98,107,101,106,101,86,96,114,120,95,120,100,107,89,95,97,91,108,100,106,91,123,90,106,117,116,94,84,100,102,87,97,103,86,95,107,111,124
74,2,98,1,2,94.67713735188362,72,96.00344841627535,76.43876603557584,99,96,100,74,116,80,1,1,1,1,1,1,1,1,1,1,1,83.80025443446144,112.0378352632885,77.35698706212204,81.29302767217095,125.73149494887278,90.93548161017954,77.99301325183853,83.1089723704782,91.10428384835225,103.77550449036302,94.64776530576795,93.53662930112465,116.92201834785827,97.52906414816898,101,95,91,119,91,84,78,79,84,69,112,123,104,116,137,139,103,87,108,120,99,115,90,94,102,76,122,93,84,93,139,98,122,96,93,95,102,69,99,77,89,121,121,100,84,114,87,62,113,83,97,77,124,131,107,72,130,94,109,84
75,1,84,2,3,113.94740503819698,110,101.82704302158584,121.84608278583174,106,98,92,95,113,107,0,0,0,0,0,0,0,0,0,0,0,110.31008245416463,93.69196793468176,100.85013762535553,137.1463250658592,95.97713445445041,97.8924730897267,101.38159886883685,70.15173616268225,88.3228387114079,83.02646510037077,103.31238620957352,102.95358745793651,117.19541462378925,97.9598848676835,103,107,100,97,109,86,88,113,92,94,101,66,100,87,102,104,91,109,98,110,124,91,103,93,117,98,123,105,97,129,95,109,120,91,110,104,75,84,116,111,106,78,80,83,114,99,119,142,88,92,106,108,92,75,97,84,116,77,115,123
76,2,110,3,4,105.11394178618117,116,115.25310486807753,95.91878837521314,98,99,74,90,108,101,1,1,1,1,1,1,1,1,1,1,1,93.19261162388264,80.72196145596085,92.4505856051174,90.4937223220801,62.70807278034572,90.71628924237375,98.16224033574962,95.17990679605472,102.95592790172627,92.26600516388478,93.96236140794223,102.0152816734864,100.55802502556632,109.43319496931477,115,85,98,88,97,100,101,115,78,90,94,97,110,88,79,90,104,115,104,93,104,117,92,89,101,85,90,99,108,104,75,111,118,105,106,90,88,85,97,77,97,114,92,98,88,101,99,98,120,83,91,103,76,95,101,113,92,90,90,95
77,1,89,4,1,113.1807771904855,81,111.7801355406529,113.14992072057068,77,103,62,108,120,77,0,0,0,0,0,0,0,0,0,0,0,100.39784983056325,102.80263246497302,108.98684972165958,119.5135240888485,92.76783054924807,116.1745902761276,85.44879675210397,82.48531593745821,119.1257661650705,65.06245101316067,86.10205832889908,103.73830338963782,89.07311749100882,134.30019694407588,70,96,110,102,119,98,93,86,92,93,113,100,78,109,74,109,106,73,89,120,84,95,81,83,89,110,112,75,103,100,103,92,84,82,105,115,72,96,94,97,92,85,100,71,88,134,102,103,110,68,143,108,95,98,111,92,76,108,119,122
78,2,108,5,2,108.88584844018023,130,90.09186749654485,112.21995782988289,93,107,115,98,105,118,1,1,1,1,1,1,1,1,1,1,1,96.49930646722547,97.76890184166405,93.3676993952819,89.56686267504847,82.0778920978182,86.8687888491148,115.66834909843425,118.18900213535379,74.6172818450603,105.41867219855561,111.48312006183228,107.67927535591235,94.59272942996463,103.05199021169734,121,114,67,98,93,127,105,104,83,85,113,88,93,92,105,101,94,94,114,98,105,117,116,104,118,93,101,125,112,100,100,115,113,100,109,118,100,97,84,77,102,73,92,103,104,96,104,123,99,121,102,104,98,97,99,81,115,107,78,111
79,1,116,0,3,95.18921484566427,87,85.4022354972387,127.87347105441845,82,81,119,106,94,83,0,0,0,0,0,0,0,0,0,0,0,102.26178279662707,63.52961820944854,79.54633578991867,115.19850143895312,111.03160845636894,113.26289511087887,106.37752262578984,98.91242392564968,121.21327366788812,135.71181781197828,140.75769041128274,115.05163835675201,73.68218428111595,102.67203799486836,102,120,116,130,90,119,97,89,113,113,99,108,95,103,118,120,103,79,103,100,110,113,92,119,98,89,104,108,96,117,70,98,126,112,92,102,112,120,104,101,109,114,109,98,132,125,83,96,89,108,116,125,117,98,97,89,97,102,117,106
80,2,103,1,4,78.46373741668344,95,96.27739916660725,90.11397283230038,106,102,61,100,94,87,1,1,1,1,1,1,1,1,1,1,1,92.30876946212112,96.74248001316724,105.46947433313181,105.24879515982518,84.21508160737066,113.21902007949438,126.65260437721737,106.70105665966146,99.29116214900168,109.51387453573236,82.68540191935189,71.68699941544249,100.94924987186846,95.00700225620277,108,113,117,101,101,102,92,115,113,121,113,101,69,95,107,107,101,94,73,105,81,126,80,85,127,122,121,105,98,77,91,115,82,105,109,79,95,95,134,80,129,90,115,82,97,108,110,132,95,99,86,105,116,116,111,108,97,102,90,132
81,1,84,2,1,99.2967477077825,105,71.5484565896079,122.4327949419816,73,95,101,122,102,80,0,0,0,0,0,0,0,0,0,0,0,83.07068884818432,78.71916910888714,111.92364438560368,87.90041125387475,95.01419999119035,115.89373026906584,120.99584839469502,71.69738318264152,112.9217860489944,108.51145415206294,110.21723699077198,82.8646754507727,118.32096708306389,109.03760108897703,82,91,111,119,110,79,110,138,108,96,99,85,107,91,121,115,95,104,110,87,97,115,90,88,69,92,122,85,97,86,117,96,63,88,87,99,79,121,118,88,100,96,114,103,110,82,103,103,86,93,117,90,96,85,98,95,97,103,102,132
82,2,96,3,2,115.15719365229215,97,108.70500906986246,87.55307983024107,111,102,92,111,82,122,1,1,1,1,1,1,1,1,1,1,1,120.31825438735113,110.49823504752375,87.07343514139663,78.60087625640989,69.77095440971944,92.23046152688548,112.40407288807323,97.2129889584377,109.12384713221677,90.78246541208422,96.88621674038617,108.44633203915853,103.65137799994434,92.00843105107276,115,107,112,107,117,116,118,112,139,83,77,94,128,110,81,90,126,98,105,126,79,104,102,76,109,88,101,111,112,87,127,107,69,59,103,89,89,139,91,103,93,81,99,104,78,129,102,78,97,82,106,113,65,97,110,82,67,84,108,100
83,1,81,4,3,109.92548737019084,101,97.69383904642201,128.72515419306578,79,103,84,83,121,95,0,0,0,0,0,0,0,0,0,0,0,116.57342692528904,102.52454495247679,100.01320171838798,110.66152585929215,127.79533610986624,67.89956803974044,107.37396399840885,112.69307676948604,88.0697283510095,94.74657428210874,125.61135158289115,93.00655207401877,84.31106568813263,55.69250985583105,89,120,75,99,114,99,106,96,105,122,80,104,101,104,109,117,93,108,74,93,85,98,119,75,80,87,99,89,92,108,106,111,120,112,110,106,101,113,93,123,99,95,116,108,81,113,97,84,105,114,100,119,96,109,80,115,82,64,136,122
84,2,97,5,4,92.26622279196924,112,114.37994318440194,116.78824986739497,101,126,77,105,90,98,1,1,1,1,1,1,1,1,1,1,1,100.93747271290852,102.87195177121093,98.01121868595311,111.61551039550501,84.8002430330429,94.82893281233495,67.98754669452494,70.83212304094637,122.52978880596032,105.88253677945748,89.61137948715586,98.91117833435784,107.41177946278248,106.04707113638653,104,104,106,97,102,105,107,82,127,125,96,98,124,93,94,110,103,80,120,89,91,119,82,91,81,108,84,98,90,103,111,98,113,69,85,106,103,90,102,92,123,81,102,103,71,101,127,93,122,104,116,95,110,59,98,108,114,107,80,86
85,1,67,0,1,106.11723383236227,145,92.73106647233253,106.34020252579269,105,96,124,100,94,109,0,0,0,0,0,0,0,0,0,0,0,87.18417402592901,88.15676272055711,84.82337687583073,107.31360819999341,104.11183390801504,94.88686140016009,86.80228750686685,88.00933333372441,114.88864695564789,108.43075964147064,98.68174870612965,101.57864142078546,127.74362655177444,105.43821814701067,138,77,74,117,109,103,109,98,105,88,116,121,125,94,87,79,105,122,92,71,95,70,78,111,77,120,80,87,101,112,92,92,112,89,101,81,115,100,135,117,137,115,92,115,113,100,115,96,106,92,114,98,78,122,94,98,122,120,92,97
86,2,112,1,2,96.84217363067025,117,98.5766311694847,127.10806531788177,84,105,83,96,86,130,1,1,1,1,1,1,1,1,1,1,1,90.4488999152192,99.71290957880744,119.24038697763521,97.81372142456453,79.10244127014106,112.34530424416417,118.20217673937702,87.70706210369724,95.46435756079401,122.48848915046347,100.71370534761782,101.20692468585224,110.33046985844055,127.6410809278399,101,96,123,75,73,104,84,93,102,76,107,93,93,76,107,97,90,90,103,107,92,87,82,88,93,86,93,68,110,81,98,77,108,109,112,87,72,110,105,109,92,83,109,97,98,95,94,132,110,97,99,103,101,106,102,102,120,106,109,101
87,1,106,2,3,119.78065587065376,101,106.4555144863219,98.75569437795254,132,103,87,70,88,75,0,0,0,0,0,0,0,0,0,0,0,89.21266139215224,92.04119120312609,89.51901936352276,109.19825821223253,98.9105431039443,86.785857094732,83.49209198522534,78.70951954550307,94.13749641078411,98.52715505662766,105.61135659742462,91.78777606689856,97.82534410377656,92.52282674268893,120,76,130,80,93,92,82,96,95,92,98,84,83,83,109,79,111,68,121,92,105,107,106,104,85,86,117,91,98,88,121,92,117,116,110,89,87,94,113,105,106,105,100,116,66,110,108,71,90,86,97,91,92,118,101,128,109,93,119,114
88,2,114,3,4,82.51801833048246,97,74.51786914085449,86.46364907188773,114,125,100,75,102,111,1,1,1,1,1,1,1,1,1,1,1,134.7221282580704,82.16905425477565,80.24715026325646,89.2844610375689,106.64532171710545,115.63231453423155,101.80014182666609,77.57817657898103,103.9711870162873,115.54510670067255,89.92722637363386,97.12677716394683,143.50922919538098,99.74382482121084,75,114,77,102,128,106,66,96,55,125,90,80,98,82,98,112,91,108,107,125,110,96,98,116,110,100,104,114,108,105,93,108,118,98,105,123,103,100,102,134,110,96,106,119,85,103,88,101,106,77,102,105,105,123,87,107,105,101,118,104
89,1,77,4,1,109.55259836528252,121,79.752449396187,104.61702853249912,66,84,109,150,81,132,0,0,0,0,0,0,0,0,0,0,0,125.29413033075679,91.00476135947186,87.77512781765992,94.84333828949475,97.9417085615648,111.29423459276228,113.09199136007966,90.1780722194564,132.37236439556523,107.58781488601214,88.29286221533074,103.17800939693481,93.856827807611,78.31888183909635,114,77,105,103,93,100,100,85,99,109,118,89,102,79,101,100,107,80,78,80,125,109,94,75,109,128,100,117,104,64,121,116,86,100,118,114,97,78,89,100,68,83,92,114,104,127,103,98,97,113,105,81,123,88,93,114,93,114,74,118
90,2,86,5,2,81.60988970624126,94,89.74768631431935,98.68422911217029,90,124,124,123,120,125,1,1,1,1,1,1,1,1,1,1,1,114.12099859908277,81.58380320636194,101.3434643222285,94.063852310824,85.13551027375661,125.00212521855228,108.62258923457765,97.61589172286187,69.0965542766957,123.44490942062725,87.51814131885448,81.71355016769714,94.77794753556425,101.14569494710007,109,91,83,82,101,89,70,121,93,94,111,100,85,119,92,83,118,98,88,103,117,77,113,102,120,104,115,97,100,70,112,79,82,98,93,107,68,98,130,87,73,97,98,59,103,103,86,132,88,97,95,114,114,85,102,104,109,102,112,76
91,1,118,0,3,82.77230148891309,128,93.27833433642242,113.77734273119269,85,125,102,92,95,120,0,0,0,0,0,0,0,0,0,0,0,115.56866766983799,113.57125019733814,103.16483235101173,86.80820307718683,89.84938982260455,120.90759257507197,117.42595735723734,94.79359161820513,103.07118249235265,93.28870864314477,124.93234692203045,114.93169624886926,92.2819762541252,113.30262957104378,77,86,95,96,79,95,80,112,92,93,91,117,101,86,94,90,104,119,98,102,89,111,117,84,113,119,117,116,85,105,115,108,125,126,99,113,91,95,139,113,108,100,94,106,100,92,74,101,96,109,92,84,94,121,101,78,97,90,99,123
92,2,95,1,4,113.61246705124712,115,105.70397242641265,104.58040509740563,103,102,105,113,70,103,1,1,1,1,1,1,1,1,1,1,1,100.79442614705687,112.03138381482462,91.63393686852429,126.55891392929517,104.1880808255466,83.40887600629401,86.51686439817016,109.64553450858664,80.0040406874701,80.11295491283613,86.98981941813334,76.94219962872967,94.17735061972593,121.49970707433519,95,131,91,84,74,115,101,83,75,86,116,87,80,109,100,104,115,104,84,84,111,98,91,88,84,133,99,107,128,112,75,79,97,85,90,96,93,114,89,105,83,103,121,138,123,85,118,108,90,79,94,112,79,87,132,101,94,116,109,93
93,1,54,2,1,70.56557050413399,83,80.3816313550544,101.52499133096012,80,107,106,95,99,102,0,0,0,0,0,0,0,0,0,0,0,75.51767280277633,107.61472849994965,87.80400028074162,107.13389863311863,103.7184996741919,100.20038822929453,89.84001116512168,90.20135231786678,109.65594528489294,119.68395090916272,118.67432265371036,126.08865782355944,84.28337516141966,108.1470616843221,133,101,118,107,99,107,103,123,84,79,94,86,99,89,121,116,109,115,100,95,97,111,94,91,97,103,101,103,90,93,126,95,91,122,135,86,103,109,128,100,73,89,92,94,96,110,108,93,106,99,113,115,85,79,83,107,103,117,114,98
94,2,119,3,2,85.29907823754769,110,83.18967207365519,115.18903390395604,100,102,95,96,68,107,1,1,1,1,1,1,1,1,1,1,1,92.84557880203856,97.57330825581698,101.56802432190183,98.72790813657254,121.18491544011994,78.78069707676349,93.61933007456986,100.00730339180474,95.28898474309753,85.1231300826621,113.13541707251474,113.46697622611853,125.20117905101725,110.23134221527141,100,102,74,86,128,106,90,77,108,91,110,116,78,80,131,115,107,87,90,103,106,87,85,127,102,119,81,82,131,93,106,110,81,92,90,104,90,98,84,117,112,97,104,96,101,101,93,93,107,88,86,94,96,83,107,91,119,101,111,112
95,1,86,4,3,114.51359891982109,99,102.7772834964857,113.96286411235644,91,117,101,114,126,120,0,0,0,0,0,0,0,0,0,0,0,111.11907687672917,81.72729511579239,119.19801981620425,98.9238842234269,97.22255713067759,77.25200764330174,108.18812577850896,111.54865821376251,69.64876841922941,128.43313748401872,97.21644240272059,73.28046314041805,112.40037584610704,87.4990109662275,86,101,74,107,106,91,104,102,101,102,80,77,114,127,95,108,102,83,92,95,95,101,119,104,90,98,100,119,74,90,99,99,127,98,103,107,114,98,115,96,92,96,108,83,96,96,82,105,76,109,116,95,161,98,100,84,84,66,81,119
96,2,123,5,4,100.8522326505637,100,117.75525684022509,81.20848411865688,114,79,115,94,102,103,1,1,1,1,1,1,1,1,1,1,1,112.27844323132544,91.324520523621,120.90730670333818,88.05213990361464,93.74330707512584,72.620980137718945,109.95038001534205,80.80034260500139,126.07338640278127,100.59502066883614,89.18668209024467,114.64480838482355,74.36869686249565,116.98195989137676,83,98,100,83,92,87,96,101,69,98,105,116,124,101,104,112,106,96,77,116,100,115,105,98,91,112,107,107,81,67,91,114,98,82,72,89,106,114,120,110,101,97,110,92,118,85,99,76,106,90,77,93,102,82,106,109,82,106,95,113
97,1,111,0,1,95.62813446953949,104,108.27711117670492,115.28601375418216,102,105,102,128,114,117,0,0,0,0,0,0,0,0,0,0,0,88.01853038800029,100.93423806125254,106.83297999619234,120.93813435733162,90.65249050509655,91.46975396198451,113.64734824613025,105.6885285637232,93.60499291182725,112.57348902464717,116.88201327620283,92.68773550840395,101.53407506711265,78.19131340147364,117,99,99,104,95,142,93,112,86,110,99,80,64,83,80,104,96,96,121,103,94,116,88,115,111,98,100,95,89,98,66,102,85,74,96,100,78,107,102,88,89,99,101,111,113,125,104,94,117,70,68,100,102,103,64,110,88,108,98,91
98,2,117,1,2,89.75869269475686,104,104.3220409256143,68.0839992148391,115,92,118,98,110,73,1,1,1,1,1,1,1,1,1,1,1,101.36964799945954,113.38837402918665,116.46944488567416,120.61869689130816,77.92033701248786,73.69846074365437,107.06650694548875,68.28616703001595,87.62692646549596,73.88059075899513,113.21978069477933,100.44656234239079,102.25797216432838,87.26815002673513,115,95,93,97,117,98,88,98,114,100,135,108,115,89,99,117,84,71,84,128,96,96,106,71,98,114,91,124,66,109,111,77,89,119,87,82,105,111,107,82,95,133,85,99,89,108,127,90,106,97,88,95,98,93,132,115,80,110,84,97
99,1,96,2,3,95.61632073542089,97,97.80752614623738,97.84627338107357,96,66,91,87,106,103,0,0,0,0,0,0,0,0,0,0,0,101.5233285274542,106.84782336679409,83.51899175338866,96.49027516983038,108.43677227622771,106.69827206749012,101.82413160366332,112.08523009340067,88.25111547620551,90.5096486735986,133.07490696124316,94.12133259531375,101.76476821156447,115.24773485440758,76,86,94,99,103,126,102,109,126,94,87,119,137,97,93,99,98,83,106,90,108,81,112,84,96,89,76,102,96,109,113,90,77,121,122,89,98,104,76,109,116,108,87,101,94,85,87,61,104,94,105,88,112,130,76,91,90,114,95,78
100,2,105,3,4,94.70792066049087,75,76.21112819645859,105.94820652654487,124,110,107,102,94,127,1,1,1,1,1,1,1,1,1,1,1,98.36423338458064,91.93640930061106,91.16599825848353,114.03455297086614,97.77014423289138,89.03138193849155,103.08940515937064,102.3426821750648,97.21255779709594,112.62263140515243,69.70831208237111,61.702624635920024,126.94117445008817,104.17643885161658,109,76,84,160,107,70,111,107,101,85,92,99,120,90,105,98,87,83,115,100,85,78,95,85,93,97,94,78,100,133,91,98,106,107,114,107,116,85,98,127,77,83,123,98,100,100,94,78,115,90,112,112,119,105,97,121,108,126,118,115
